Emp_ID,First_Name,Last_Name,Phone_Number
6506,Donald,OConnell,6505079833
7788,Douglas,Grant,6505079844
8239,Jennifer,Whalen,5151234444
7853,Michael,Hartstein,5151235555
6899,Pat,Fay,6031236666
9102,Susan,Mavris,5151237777
7570,Hermann,Baer,5151238888
7388,Shelley,Higgins,5151238080
9729,William,Gietz,5151238181
5382,Steven,King,5151234567
9778,Neena,Kochhar,5151234568
7670,Lex,"De Haan",5151234569
8035,Alexander,Hunold,5904234567
5082,Bruce,Ernst,5904234568
6150,David,Austin,5904234569
5847,Valli,Pataballa,5904234560
5800,Diana,Lorentz,5904235567
9401,Nancy,Greenberg,5151244569
6032,Daniel,Faviet,5151244169
7494,John,Chen,5151244269
9941,Ismael,Sciarra,5151244369
7528,"Jose Manuel",Urman,5151244469
5937,Luis,Popp,5151244567
5465,Den,Raphaely,5151274561
5720,Alexander,Khoo,5151274562
5621,Shelli,Baida,5151274563
9338,Sigal,Tobias,5151274564
9760,Guy,Himuro,5151274565
7386,Karen,Colmenares,5151274566
8346,Matthew,Weiss,6501231234
5948,Adam,Fripp,6501232234
6949,Payam,Kaufling,6501233234
8272,Shanta,Vollman,6501234234
5169,Kevin,Mourgos,6501235234
6798,Julia,Nayer,6501241214
5228,Irene,Mikkilineni,6501241224
9054,James,Landry,6501241334
9369,Steven,Markle,6501241434
5550,Laura,Bissot,6501245234
6548,Mozhe,Atkinson,6501246234
9371,James,Marlow,6501247234
8854,TJ,Olson,6501248234
7875,Jason,Mallin,6501271934
7791,Michael,Rogers,6501271834
8017,Ki,Gee,6501271734
8083,Hazel,Philtanker,6501271634
7183,Renske,Ladwig,6501211234
8211,Stephen,Stiles,6501212034
9030,John,Seo,6501212019
9978,Joshua,Patel,6501211834
